<?xml version="1.0" encoding="ISO-8859-1"?><DTE xmlns="http://www.sii.cl/SiiDte" version="1.0">
<Documento ID="DTE-33-1599">
<Encabezado>
<IdDoc>
<TipoDTE>33</TipoDTE>
<Folio>1599</Folio>
<FchEmis>2016-11-14</FchEmis>
<FchCancel>2016-11-14</FchCancel>
<FchVenc>2016-11-14</FchVenc>
</IdDoc>
<Emisor>
<RUTEmisor>79971680-1</RUTEmisor>
<RznSoc>PROTAC S.A.</RznSoc>
<GiroEmis>Representacion,Asesoria,Comercio y productos Tecnicos</GiroEmis>
<Acteco>514320</Acteco>
<DirOrigen>Nueva las Condes 12253 Local 74</DirOrigen>
<CmnaOrigen>Las Condes</CmnaOrigen>
<CiudadOrigen>SANTIAGO</CiudadOrigen>
<CdgVendedor>03 TRES</CdgVendedor>
</Emisor>
<Receptor>
<RUTRecep>76407152-2</RUTRecep>
<RznSocRecep>TECTON CONSORCIO HLI HYDROGROUP SPA</RznSocRecep>
<GiroRecep>CONSTRUCCION</GiroRecep>
<DirRecep>AV. PROVIDENCIA 2330 OF. 63</DirRecep>
<CmnaRecep>Providencia</CmnaRecep>
<CiudadRecep>Santiago</CiudadRecep>
</Receptor>
<Totales>
<MntNeto>38004</MntNeto>
<MntExe>0</MntExe>
<TasaIVA>19</TasaIVA>
<IVA>7221</IVA>
<MntTotal>45225</MntTotal>
</Totales>
</Encabezado>
<Detalle>
<NroLinDet>1</NroLinDet>
<NmbItem>510015000</NmbItem>
<DscItem>LITHOFIN MURO 5 LT</DscItem>
<QtyItem>1.0</QtyItem>
<PrcItem>38004.0</PrcItem>
<MontoItem>38004</MontoItem>
</Detalle>
<Referencia>
<NroLinRef>1</NroLinRef>
<TpoDocRef>802</TpoDocRef>
<FolioRef>1622</FolioRef>
<FchRef>2016-11-14</FchRef>
</Referencia>
<TED version="1.0">
<DD>
<RE>79971680-1</RE>
<TD>33</TD>
<F>1599</F>
<FE>2016-11-14</FE>
<RR>76407152-2</RR>
<RSR>TECTON CONSORCIO HLI HYDROGROUP SPA</RSR>
<MNT>45225</MNT>
<IT1>510015000</IT1>
<CAF version="1.0">
<DA>
<RE>79971680-1</RE>
<RS>PROTAC S A</RS>
<TD>33</TD>
<RNG>
<D>1129</D>
<H>1900</H>
</RNG>
<FA>2016-10-04</FA>
<RSAPK>
<M>rM2jwCAKl6Rd3DnNTnoN+cB5Stf2WE4Us10b7KUtNxMqvVSIojtX2+E9LAFye3L199MNm+rAIuoHbvbxit9gAQ==</M>
<E>Aw==</E>
</RSAPK>
<IDK>300</IDK>
</DA>
<FRMA algoritmo="SHA1withRSA">UuECLw/bEbEO6/xbMLI4WPmvr1Pco17gza+trsKYV1FRlEhn+XBV6feHJIQpEUHc2yjGsbrPklYRsB9mLcwx7Q==</FRMA>
</CAF>
<TSTED>2016-11-14T12:54:13</TSTED>
</DD>
<FRMT algoritmo="SHA1withRSA">bYQtLz3qCv+sb6Fa0g1Dy3R5EvvlzMLLe2yZofLFkzPkaZ2ioPQPZnSyMLIn+wi2u1s1TuV0exI4nDqd+u43NA==</FRMT>
</TED>
<TmstFirma>2016-11-14T12:54:13</TmstFirma>
</Documento>
<Signature xmlns="http://www.w3.org/2000/09/xmldsig#">
<SignedInfo>
<CanonicalizationMethod Algorithm="http://www.w3.org/TR/2001/REC-xml-c14n-20010315"/>
<SignatureMethod Algorithm="http://www.w3.org/2000/09/xmldsig#rsa-sha1"/>
<Reference URI="#DTE-33-1599">
<DigestMethod Algorithm="http://www.w3.org/2000/09/xmldsig#sha1"/>
<DigestValue>pOtoI4DzoXfe/DWUsrhwmhGUP/A=</DigestValue>
</Reference>
</SignedInfo>
<SignatureValue>Kw8RU1sn9eyPQMz1GFS/57rulDecb1SNScBQzZBbKnmUHq4+Dq9QOhxTtZIYu/rC1H5dCiwoDSCR FvQvRZIFCptRlK9fp9nNNhtO+ODRB1P58M4TQqbiXjBG6S9bTONVavFAYjOLA9+MzUqJd7OjNBZO usT/ULhNXeuKw8lxUWY=</SignatureValue>
<KeyInfo>
<KeyValue>
<RSAKeyValue>
<Modulus>oqNb+uazwOmG2+0ygKJeT9d+1mW+0laqNxCPuhfWSbJzkjbk5LEFNFbxDM6hSuOJZPgfSU/uecGv BrS6vc8clRm170GyDbr/XmPOGqqrOv0l9wFIkAhmPn0STHSAfNclYwcqOO0m54+O0u3Unf7HQOJm TzUhceYBexC79XJmY6E=</Modulus>
<Exponent>AQAB</Exponent>
</RSAKeyValue>
</KeyValue>
<X509Data>
<X509Certificate>MIIFVTCCBD2gAwIBAgICUmowDQYJKoZIhvcNAQEFBQAwgaYxCzAJBgNVBAYTAkNMMRgwFgYDVQQK Ew9BY2VwdGEuY29tIFMuQS4xSDBGBgNVBAMTP0FjZXB0YS5jb20gQXV0b3JpZGFkIENlcnRpZmlj YWRvcmEgQ2xhc2UgMiBQZXJzb25hIE5hdHVyYWwgLSBHMzEeMBwGCSqGSIb3DQEJARYPaW5mb0Bh Y2VwdGEuY29tMRMwEQYDVQQFEwo5NjkxOTA1MC04MB4XDTE2MDYyNDE5MzgzMloXDTE5MDYyNDE5 MzgzMlowgYwxCzAJBgNVBAYTAkNMMRgwFgYDVQQMEw9QRVJTT05BIE5BVFVSQUwxKzApBgNVBAMT IkpVQU4gUEFCTE8gTEFSUkFJTiBHQVJDSUEgSFVJRE9CUk8xIjAgBgkqhkiG9w0BCQEWE2pwbGFy cmFpbkBwcm90YWMuY2wxEjAQBgNVBAUTCTYwNjIzMzEtNzCBnzANBgkqhkiG9w0BAQEFAAOBjQAw gYkCgYEAoqNb+uazwOmG2+0ygKJeT9d+1mW+0laqNxCPuhfWSbJzkjbk5LEFNFbxDM6hSuOJZPgf SU/uecGvBrS6vc8clRm170GyDbr/XmPOGqqrOv0l9wFIkAhmPn0STHSAfNclYwcqOO0m54+O0u3U nf7HQOJmTzUhceYBexC79XJmY6ECAwEAAaOCAicwggIjMB8GA1UdIwQYMBaAFEAkGj2pMXqFd3o9 nnKTOYTlQDgZMB0GA1UdDgQWBBQxLtykyp9mYaF/WNvzG02Zt4nqpDALBgNVHQ8EBAMCBPAwHQYD VR0lBBYwFAYIKwYBBQUHAwIGCCsGAQUFBwMEMBEGCWCGSAGG+EIBAQQEAwIFoDBuBgNVHSAEZzBl MGMGCisGAQQBtWuHagowVTAoBggrBgEFBQcCARYcaHR0cDovL3d3dy5hY2VwdGEuY29tL0NQUy1H MzApBggrBgEFBQcCAjAdMBYWD0FjZXB0YS5jb20gUy5BLjADAgEJGgNUQkQwWgYDVR0SBFMwUaAY BggrBgEEAcEBAqAMFgo5NjkxOTA1MC04oCQGCCsGAQUFBwgDoBgwFgwKOTY5MTkwNTAtOAYIKwYB BAHBAQKBD2luZm9AYWNlcHRhLmNvbTBcBgNVHREEVTBToBcGCCsGAQQBwQEBoAsWCTYwNjIzMzEt N6AjBggrBgEFBQcIA6AXMBUMCTYwNjIzMzEtNwYIKwYBBAHBAQKBE2pwbGFycmFpbkBwcm90YWMu Y2wwPwYIKwYBBQUHAQEEMzAxMC8GCCsGAQUFBzABhiNodHRwOi8vb2NzcC5hY2VwdGEuY29tL0Ns YXNlM0Jpby1HMzA3BgNVHR8EMDAuMCygKqAohiZodHRwOi8vY3JsLmFjZXB0YS5jb20vQ2xhc2Uz QmlvLUczLmNybDANBgkqhkiG9w0BAQUFAAOCAQEAsxmejDrb8/gkRM7Z1ukS6QAH7AP/nTmiBM9s 3lvyASw8oaMSN1X3yLPeIYQkzW8gbi8OmMi5XdpUkqaF4edK6vTKVB5i4ZakNSk06KPQNs4oTvnv Xmx/2pvp6nOQuWmRn37NT1njyEGZXgZ1OeReSTITRFsvxPjjP3YTUl5T5I7uKqC52dQ4b+Z27zNa uxxMPR2dGd6w1ndy0RbbN8sNMqMrFthg6cWOUJvInfXbR7uNNadqfWCsJZREue1R3k6j9EwFjS2r tf/S5uX3OllF8Y85E7dceXPVDnA5/4hQqf6WG3JQpOtJ2yHfkpeQ9YhSzZd2WJu5KFTtUSfnjAfe xg==</X509Certificate>
</X509Data>
</KeyInfo>
</Signature>
</DTE>