<?xml version="1.0" encoding="ISO-8859-1"?><DTE xmlns="http://www.sii.cl/SiiDte" version="1.0">
<Documento ID="DTE-33-9205">
<Encabezado>
<IdDoc>
<TipoDTE>33</TipoDTE>
<Folio>9205</Folio>
<FchEmis>2018-04-09</FchEmis>
<FchCancel>2018-04-09</FchCancel>
<FchVenc>2018-04-09</FchVenc>
</IdDoc>
<Emisor>
<RUTEmisor>79971680-1</RUTEmisor>
<RznSoc>PROTAC S.A.</RznSoc>
<GiroEmis>Representacion,Asesoria,Comercio y productos Tecnicos</GiroEmis>
<Acteco>514320</Acteco>
<DirOrigen>Nueva las Condes 12253 Local 74</DirOrigen>
<CmnaOrigen>Las Condes</CmnaOrigen>
<CiudadOrigen>SANTIAGO</CiudadOrigen>
<CdgVendedor>03 TRES</CdgVendedor>
</Emisor>
<Receptor>
<RUTRecep>76407152-2</RUTRecep>
<RznSocRecep>TECTON CONSORCIO HLI HYDROGROUP SPA</RznSocRecep>
<GiroRecep>CONSTRUCCION</GiroRecep>
<DirRecep>AV. PROVIDENCIA 2330 OF. 63</DirRecep>
<CmnaRecep>Providencia</CmnaRecep>
<CiudadRecep>Santiago</CiudadRecep>
</Receptor>
<Totales>
<MntNeto>598069</MntNeto>
<MntExe>0</MntExe>
<TasaIVA>19</TasaIVA>
<IVA>113633</IVA>
<MntTotal>711702</MntTotal>
</Totales>
</Encabezado>
<Detalle>
<NroLinDet>1</NroLinDet>
<NmbItem>510235000</NmbItem>
<DscItem>LITHOFIN ANTIMANCHAS PLUS 5 LT</DscItem>
<QtyItem>3.0</QtyItem>
<PrcItem>207663.0</PrcItem>
<DescuentoPct>4.0</DescuentoPct>
<DescuentoMonto>24920</DescuentoMonto>
<MontoItem>598069</MontoItem>
</Detalle>
<Referencia>
<NroLinRef>1</NroLinRef>
<TpoDocRef>801</TpoDocRef>
<FolioRef>02794</FolioRef>
<FchRef>2018-04-09</FchRef>
</Referencia>
<Referencia>
<NroLinRef>2</NroLinRef>
<TpoDocRef>802</TpoDocRef>
<FolioRef>9283</FolioRef>
<FchRef>2018-04-09</FchRef>
</Referencia>
<TED version="1.0">
<DD>
<RE>79971680-1</RE>
<TD>33</TD>
<F>9205</F>
<FE>2018-04-09</FE>
<RR>76407152-2</RR>
<RSR>TECTON CONSORCIO HLI HYDROGROUP SPA</RSR>
<MNT>711702</MNT>
<IT1>510235000</IT1>
<CAF version="1.0">
<DA>
<RE>79971680-1</RE>
<RS>PROTAC S A</RS>
<TD>33</TD>
<RNG>
<D>6795</D>
<H>12167</H>
</RNG>
<FA>2017-10-18</FA>
<RSAPK>
<M>wXO6WwroRZme3RyaapZriKmX/L6riGx24PieF+haj09v8+5tQSa9LhFm7M5VM0Q1SGD24+Nq4VHaLoTCDN4Ovw==</M>
<E>Aw==</E>
</RSAPK>
<IDK>300</IDK>
</DA>
<FRMA algoritmo="SHA1withRSA">HHV5g2e4eXZSJs9hzlB3Bm8EUIJ5fZsn3HbyG7JVrKEEpQFYKWknCDbP5OqNqBGfcptanNSO6VIM62+okMWNFQ==</FRMA>
</CAF>
<TSTED>2018-04-09T15:58:39</TSTED>
</DD>
<FRMT algoritmo="SHA1withRSA">PNkFtcfwA13FLoIUePkqnIMrnpA//Q5m5EgluE/DlOvMC14sZy8GGIiuOfwm3ppCgcC6OV8xsrUhJlONjfp0cA==</FRMT>
</TED>
<TmstFirma>2018-04-09T15:58:39</TmstFirma>
</Documento>
<Signature xmlns="http://www.w3.org/2000/09/xmldsig#">
<SignedInfo>
<CanonicalizationMethod Algorithm="http://www.w3.org/TR/2001/REC-xml-c14n-20010315"/>
<SignatureMethod Algorithm="http://www.w3.org/2000/09/xmldsig#rsa-sha1"/>
<Reference URI="#DTE-33-9205">
<DigestMethod Algorithm="http://www.w3.org/2000/09/xmldsig#sha1"/>
<DigestValue>NZ3xMEdnxLr7yfJl7kyEVwDwchU=</DigestValue>
</Reference>
</SignedInfo>
<SignatureValue>KunSz8EF4XPBcNoao75b0k1Qzs7nJYYGqK13BubZZGvbx8yjp2hWp5I6MN38IgW0lG9EkMK9xcJM pv+yfBSc5fIUGbsj4RGGnZshlCiwhXJxZ3E8HMIu4n6rCeeDYBjB0GWhtKnbog4mseNxd6RBOpOv CQQ1q0Q8oZLQkNG0VgU=</SignatureValue>
<KeyInfo>
<KeyValue>
<RSAKeyValue>
<Modulus>oqNb+uazwOmG2+0ygKJeT9d+1mW+0laqNxCPuhfWSbJzkjbk5LEFNFbxDM6hSuOJZPgfSU/uecGv BrS6vc8clRm170GyDbr/XmPOGqqrOv0l9wFIkAhmPn0STHSAfNclYwcqOO0m54+O0u3Unf7HQOJm TzUhceYBexC79XJmY6E=</Modulus>
<Exponent>AQAB</Exponent>
</RSAKeyValue>
</KeyValue>
<X509Data>
<X509Certificate>MIIFVTCCBD2gAwIBAgICUmowDQYJKoZIhvcNAQEFBQAwgaYxCzAJBgNVBAYTAkNMMRgwFgYDVQQK Ew9BY2VwdGEuY29tIFMuQS4xSDBGBgNVBAMTP0FjZXB0YS5jb20gQXV0b3JpZGFkIENlcnRpZmlj YWRvcmEgQ2xhc2UgMiBQZXJzb25hIE5hdHVyYWwgLSBHMzEeMBwGCSqGSIb3DQEJARYPaW5mb0Bh Y2VwdGEuY29tMRMwEQYDVQQFEwo5NjkxOTA1MC04MB4XDTE2MDYyNDE5MzgzMloXDTE5MDYyNDE5 MzgzMlowgYwxCzAJBgNVBAYTAkNMMRgwFgYDVQQMEw9QRVJTT05BIE5BVFVSQUwxKzApBgNVBAMT IkpVQU4gUEFCTE8gTEFSUkFJTiBHQVJDSUEgSFVJRE9CUk8xIjAgBgkqhkiG9w0BCQEWE2pwbGFy cmFpbkBwcm90YWMuY2wxEjAQBgNVBAUTCTYwNjIzMzEtNzCBnzANBgkqhkiG9w0BAQEFAAOBjQAw gYkCgYEAoqNb+uazwOmG2+0ygKJeT9d+1mW+0laqNxCPuhfWSbJzkjbk5LEFNFbxDM6hSuOJZPgf SU/uecGvBrS6vc8clRm170GyDbr/XmPOGqqrOv0l9wFIkAhmPn0STHSAfNclYwcqOO0m54+O0u3U nf7HQOJmTzUhceYBexC79XJmY6ECAwEAAaOCAicwggIjMB8GA1UdIwQYMBaAFEAkGj2pMXqFd3o9 nnKTOYTlQDgZMB0GA1UdDgQWBBQxLtykyp9mYaF/WNvzG02Zt4nqpDALBgNVHQ8EBAMCBPAwHQYD VR0lBBYwFAYIKwYBBQUHAwIGCCsGAQUFBwMEMBEGCWCGSAGG+EIBAQQEAwIFoDBuBgNVHSAEZzBl MGMGCisGAQQBtWuHagowVTAoBggrBgEFBQcCARYcaHR0cDovL3d3dy5hY2VwdGEuY29tL0NQUy1H MzApBggrBgEFBQcCAjAdMBYWD0FjZXB0YS5jb20gUy5BLjADAgEJGgNUQkQwWgYDVR0SBFMwUaAY BggrBgEEAcEBAqAMFgo5NjkxOTA1MC04oCQGCCsGAQUFBwgDoBgwFgwKOTY5MTkwNTAtOAYIKwYB BAHBAQKBD2luZm9AYWNlcHRhLmNvbTBcBgNVHREEVTBToBcGCCsGAQQBwQEBoAsWCTYwNjIzMzEt N6AjBggrBgEFBQcIA6AXMBUMCTYwNjIzMzEtNwYIKwYBBAHBAQKBE2pwbGFycmFpbkBwcm90YWMu Y2wwPwYIKwYBBQUHAQEEMzAxMC8GCCsGAQUFBzABhiNodHRwOi8vb2NzcC5hY2VwdGEuY29tL0Ns YXNlM0Jpby1HMzA3BgNVHR8EMDAuMCygKqAohiZodHRwOi8vY3JsLmFjZXB0YS5jb20vQ2xhc2Uz QmlvLUczLmNybDANBgkqhkiG9w0BAQUFAAOCAQEAsxmejDrb8/gkRM7Z1ukS6QAH7AP/nTmiBM9s 3lvyASw8oaMSN1X3yLPeIYQkzW8gbi8OmMi5XdpUkqaF4edK6vTKVB5i4ZakNSk06KPQNs4oTvnv Xmx/2pvp6nOQuWmRn37NT1njyEGZXgZ1OeReSTITRFsvxPjjP3YTUl5T5I7uKqC52dQ4b+Z27zNa uxxMPR2dGd6w1ndy0RbbN8sNMqMrFthg6cWOUJvInfXbR7uNNadqfWCsJZREue1R3k6j9EwFjS2r tf/S5uX3OllF8Y85E7dceXPVDnA5/4hQqf6WG3JQpOtJ2yHfkpeQ9YhSzZd2WJu5KFTtUSfnjAfe xg==</X509Certificate>
</X509Data>
</KeyInfo>
</Signature>
</DTE>