<?xml version="1.0" encoding="ISO-8859-1"?><DTE xmlns="http://www.sii.cl/SiiDte" version="1.0">
<Documento ID="DTE-33-5030">
<Encabezado>
<IdDoc>
<TipoDTE>33</TipoDTE>
<Folio>5030</Folio>
<FchEmis>2017-06-29</FchEmis>
<FchCancel>2017-06-29</FchCancel>
<FchVenc>2017-06-29</FchVenc>
</IdDoc>
<Emisor>
<RUTEmisor>79971680-1</RUTEmisor>
<RznSoc>PROTAC S.A.</RznSoc>
<GiroEmis>Representacion,Asesoria,Comercio y productos Tecnicos</GiroEmis>
<Acteco>514320</Acteco>
<DirOrigen>Nueva las Condes 12253 Local 74</DirOrigen>
<CmnaOrigen>Las Condes</CmnaOrigen>
<CiudadOrigen>SANTIAGO</CiudadOrigen>
<CdgVendedor>03 TRES</CdgVendedor>
</Emisor>
<Receptor>
<RUTRecep>76407152-2</RUTRecep>
<RznSocRecep>TECTON CONSORCIO HLI HYDROGROUP SPA</RznSocRecep>
<GiroRecep>CONSTRUCCION</GiroRecep>
<DirRecep>AV. PROVIDENCIA 2330 OF. 63</DirRecep>
<CmnaRecep>Providencia</CmnaRecep>
<CiudadRecep>Santiago</CiudadRecep>
</Receptor>
<Totales>
<MntNeto>43439</MntNeto>
<MntExe>0</MntExe>
<TasaIVA>19</TasaIVA>
<IVA>8253</IVA>
<MntTotal>51692</MntTotal>
</Totales>
</Encabezado>
<Detalle>
<NroLinDet>1</NroLinDet>
<NmbItem>610061402</NmbItem>
<DscItem>PIGMENTO 40GR AMAR-OXIDO ROBERLO</DscItem>
<QtyItem>1.0</QtyItem>
<PrcItem>7600.0</PrcItem>
<DescuentoPct>8.0</DescuentoPct>
<DescuentoMonto>608</DescuentoMonto>
<MontoItem>6992</MontoItem>
</Detalle>
<Detalle>
<NroLinDet>2</NroLinDet>
<NmbItem>610061933</NmbItem>
<DscItem>MARMOTIX BLANCO 1 LT ROBERLO</DscItem>
<QtyItem>1.0</QtyItem>
<PrcItem>10980.0</PrcItem>
<DescuentoPct>8.0</DescuentoPct>
<DescuentoMonto>878</DescuentoMonto>
<MontoItem>10102</MontoItem>
</Detalle>
<Detalle>
<NroLinDet>3</NroLinDet>
<NmbItem>510040500</NmbItem>
<DscItem>LITHOFIN MN POLISH 500cc</DscItem>
<QtyItem>1.0</QtyItem>
<PrcItem>13841.0</PrcItem>
<DescuentoPct>8.0</DescuentoPct>
<DescuentoMonto>1107</DescuentoMonto>
<MontoItem>12734</MontoItem>
</Detalle>
<Detalle>
<NroLinDet>4</NroLinDet>
<NmbItem>510161000</NmbItem>
<DscItem>LITHOFIN KF ELIM. DE CEMENTO 1 LT</DscItem>
<QtyItem>1.0</QtyItem>
<PrcItem>14795.0</PrcItem>
<DescuentoPct>8.0</DescuentoPct>
<DescuentoMonto>1184</DescuentoMonto>
<MontoItem>13611</MontoItem>
</Detalle>
<Referencia>
<NroLinRef>1</NroLinRef>
<TpoDocRef>802</TpoDocRef>
<FolioRef>5080</FolioRef>
<FchRef>2017-06-29</FchRef>
</Referencia>
<TED version="1.0">
<DD>
<RE>79971680-1</RE>
<TD>33</TD>
<F>5030</F>
<FE>2017-06-29</FE>
<RR>76407152-2</RR>
<RSR>TECTON CONSORCIO HLI HYDROGROUP SPA</RSR>
<MNT>51692</MNT>
<IT1>610061402</IT1>
<CAF version="1.0">
<DA>
<RE>79971680-1</RE>
<RS>PROTAC S A</RS>
<TD>33</TD>
<RNG>
<D>3577</D>
<H>6794</H>
</RNG>
<FA>2017-03-07</FA>
<RSAPK>
<M>sVhvl5q18KGwqV2+6EdoNRmqrO5NKFn53Z0MpxZwv3F/ICKW4ZuCPT/2HRTqLUnAtTRB3zSTy2YFMtwDJ5AuOw==</M>
<E>Aw==</E>
</RSAPK>
<IDK>300</IDK>
</DA>
<FRMA algoritmo="SHA1withRSA">mSR0RFTsB68MqLG93r59taQiktHoTmBfnyGie6PTKRNj7uDePmuQqOpGehkqIZkZHmxev96YyJJVArKY75eqlQ==</FRMA>
</CAF>
<TSTED>2017-06-29T09:15:27</TSTED>
</DD>
<FRMT algoritmo="SHA1withRSA">R/b8LZnhmk9nsy4X8vdw8hVlIhqruK1+WQP7wGnkhRD+vz73yWCXKIVS4ncfQ9aq+2DJ/3NI2YvtkoKzQB1TEw==</FRMT>
</TED>
<TmstFirma>2017-06-29T09:15:27</TmstFirma>
</Documento>
<Signature xmlns="http://www.w3.org/2000/09/xmldsig#">
<SignedInfo>
<CanonicalizationMethod Algorithm="http://www.w3.org/TR/2001/REC-xml-c14n-20010315"/>
<SignatureMethod Algorithm="http://www.w3.org/2000/09/xmldsig#rsa-sha1"/>
<Reference URI="#DTE-33-5030">
<DigestMethod Algorithm="http://www.w3.org/2000/09/xmldsig#sha1"/>
<DigestValue>0mroIMLYXWGUhFdV5JasKuWx+Tg=</DigestValue>
</Reference>
</SignedInfo>
<SignatureValue>VXTOtkYQIbnN2OEqpHoQxtwI90Lb84Vcj6CWS8ibTSvtAtZ1JKcY6cMS/pqk0sAHcM9mrD7YPBV5 my5QJvY4hsfslLNlQOEyFFO48nBRA97Cp6946M4/KpFzYcJX7VfdTLzVMMx5K3d0tjVSsbK1qST6 tDU+0gNa604MaUB+/uo=</SignatureValue>
<KeyInfo>
<KeyValue>
<RSAKeyValue>
<Modulus>oqNb+uazwOmG2+0ygKJeT9d+1mW+0laqNxCPuhfWSbJzkjbk5LEFNFbxDM6hSuOJZPgfSU/uecGv BrS6vc8clRm170GyDbr/XmPOGqqrOv0l9wFIkAhmPn0STHSAfNclYwcqOO0m54+O0u3Unf7HQOJm TzUhceYBexC79XJmY6E=</Modulus>
<Exponent>AQAB</Exponent>
</RSAKeyValue>
</KeyValue>
<X509Data>
<X509Certificate>MIIFVTCCBD2gAwIBAgICUmowDQYJKoZIhvcNAQEFBQAwgaYxCzAJBgNVBAYTAkNMMRgwFgYDVQQK Ew9BY2VwdGEuY29tIFMuQS4xSDBGBgNVBAMTP0FjZXB0YS5jb20gQXV0b3JpZGFkIENlcnRpZmlj YWRvcmEgQ2xhc2UgMiBQZXJzb25hIE5hdHVyYWwgLSBHMzEeMBwGCSqGSIb3DQEJARYPaW5mb0Bh Y2VwdGEuY29tMRMwEQYDVQQFEwo5NjkxOTA1MC04MB4XDTE2MDYyNDE5MzgzMloXDTE5MDYyNDE5 MzgzMlowgYwxCzAJBgNVBAYTAkNMMRgwFgYDVQQMEw9QRVJTT05BIE5BVFVSQUwxKzApBgNVBAMT IkpVQU4gUEFCTE8gTEFSUkFJTiBHQVJDSUEgSFVJRE9CUk8xIjAgBgkqhkiG9w0BCQEWE2pwbGFy cmFpbkBwcm90YWMuY2wxEjAQBgNVBAUTCTYwNjIzMzEtNzCBnzANBgkqhkiG9w0BAQEFAAOBjQAw gYkCgYEAoqNb+uazwOmG2+0ygKJeT9d+1mW+0laqNxCPuhfWSbJzkjbk5LEFNFbxDM6hSuOJZPgf SU/uecGvBrS6vc8clRm170GyDbr/XmPOGqqrOv0l9wFIkAhmPn0STHSAfNclYwcqOO0m54+O0u3U nf7HQOJmTzUhceYBexC79XJmY6ECAwEAAaOCAicwggIjMB8GA1UdIwQYMBaAFEAkGj2pMXqFd3o9 nnKTOYTlQDgZMB0GA1UdDgQWBBQxLtykyp9mYaF/WNvzG02Zt4nqpDALBgNVHQ8EBAMCBPAwHQYD VR0lBBYwFAYIKwYBBQUHAwIGCCsGAQUFBwMEMBEGCWCGSAGG+EIBAQQEAwIFoDBuBgNVHSAEZzBl MGMGCisGAQQBtWuHagowVTAoBggrBgEFBQcCARYcaHR0cDovL3d3dy5hY2VwdGEuY29tL0NQUy1H MzApBggrBgEFBQcCAjAdMBYWD0FjZXB0YS5jb20gUy5BLjADAgEJGgNUQkQwWgYDVR0SBFMwUaAY BggrBgEEAcEBAqAMFgo5NjkxOTA1MC04oCQGCCsGAQUFBwgDoBgwFgwKOTY5MTkwNTAtOAYIKwYB BAHBAQKBD2luZm9AYWNlcHRhLmNvbTBcBgNVHREEVTBToBcGCCsGAQQBwQEBoAsWCTYwNjIzMzEt N6AjBggrBgEFBQcIA6AXMBUMCTYwNjIzMzEtNwYIKwYBBAHBAQKBE2pwbGFycmFpbkBwcm90YWMu Y2wwPwYIKwYBBQUHAQEEMzAxMC8GCCsGAQUFBzABhiNodHRwOi8vb2NzcC5hY2VwdGEuY29tL0Ns YXNlM0Jpby1HMzA3BgNVHR8EMDAuMCygKqAohiZodHRwOi8vY3JsLmFjZXB0YS5jb20vQ2xhc2Uz QmlvLUczLmNybDANBgkqhkiG9w0BAQUFAAOCAQEAsxmejDrb8/gkRM7Z1ukS6QAH7AP/nTmiBM9s 3lvyASw8oaMSN1X3yLPeIYQkzW8gbi8OmMi5XdpUkqaF4edK6vTKVB5i4ZakNSk06KPQNs4oTvnv Xmx/2pvp6nOQuWmRn37NT1njyEGZXgZ1OeReSTITRFsvxPjjP3YTUl5T5I7uKqC52dQ4b+Z27zNa uxxMPR2dGd6w1ndy0RbbN8sNMqMrFthg6cWOUJvInfXbR7uNNadqfWCsJZREue1R3k6j9EwFjS2r tf/S5uX3OllF8Y85E7dceXPVDnA5/4hQqf6WG3JQpOtJ2yHfkpeQ9YhSzZd2WJu5KFTtUSfnjAfe xg==</X509Certificate>
</X509Data>
</KeyInfo>
</Signature>
</DTE>